Embedding,CatBoost,KNN,Logistic Regression,MLP
Sentence-BERT,0.7493411709727041,0.728169049914227,0.7471669088773394,0.7622188182097511
Word2Vec,0.6904971940182971,0.5975483071865805,0.6848646344710035,0.713112371809188
tf-idf+SVD,0.7432154838127972,0.5835959983345156,0.745708814781524,0.756077623609684
